movieId,title,genres,year,actors,directors,runtime,language,posterUrl,boxOffice,imdbRating,imdbVotes
1,Toy Story (1995),Adventure|Animation|Children|Comedy|Fantasy,1995,Tom Hanks|Tim Allen|Don Rickles|Jim Varney|Wallace Shawn,John Lasseter,81,English,"https://m.media-amazon.com/images/M/MV5BZTA3OWVjOWItNjE1NS00NzZiLWE1MjgtZDZhMWI1ZTlkNzYwXkEyXkFqcGc@._V1_SX101_CR0,0,101,150_.jpg",373554033,8.3,1113368
2,Jumanji (1995),Adventure|Children|Fantasy,1995,Robin Williams|Jonathan Hyde|Kirsten Dunst|Bradley Pierce|Bonnie Hunt,Joe Johnston,104,English|French,"https://m.media-amazon.com/images/M/MV5BYTFkMjFmODgtYzRiZi00NmQwLTliZWMtMzRhMWQ5ZmY3ZDExXkEyXkFqcGc@._V1_SY150_CR6,0,101,150_.jpg",262797249,7.1,392385
3,Grumpier Old Men (1995),Comedy|Romance,1995,Walter Matthau|Jack Lemmon|Ann-Margret|Sophia Loren|Burgess Meredith,Howard Deutch,101,English|Italian|German,"https://m.media-amazon.com/images/M/MV5BMjc0OWM2YTktZWYyMi00YzU1LTljYmEtYmMyNTRlMWFlMzI4XkEyXkFqcGc@._V1_SX101_CR0,0,101,150_.jpg",,6.7,30623
4,Waiting to Exhale (1995),Comedy|Drama|Romance,1995,Whitney Houston|Angela Bassett|Loretta Devine|Lela Rochon|Gregory Hines,Forest Whitaker,124,English,"https://m.media-amazon.com/images/M/MV5BZWU4NzA3MDQtODYyOS00OTliLTk3MGEtYzM2ZjNkZmI5ODk5XkEyXkFqcGc@._V1_SX101_CR0,0,101,150_.jpg",81452156,6.0,12763
5,Father of the Bride Part II (1995),Comedy,1995,Steve Martin|Diane Keaton|Martin Short|Kimberly Williams-Paisley|George Newbern,Charles Shyer,106,English,"https://m.media-amazon.com/images/M/MV5BOTMwNzE2Y2YtNzZhMy00YTljLWI1MzQtMTI3YjkxYTg2NjRmXkEyXkFqcGc@._V1_SY150_CR0,0,101,150_.jpg",,6.1,42955
6,Heat (1995),Action|Crime|Thriller,1995,Al Pacino|Robert De Niro|Val Kilmer|Jon Voight|Tom Sizemore,Michael Mann,170,English|Spanish,"https://m.media-amazon.com/images/M/MV5BMTkxYjU1OTMtYWViZC00ZjAzLWI3MDktZGQ2N2VmMjVjNDRlXkEyXkFqcGc@._V1_SY150_CR1,0,101,150_.jpg",120000000,8.3,748834
7,Sabrina (1995),Comedy|Romance,1995,Harrison Ford|Julia Ormond|Greg Kinnear|Nancy Marchand|John Wood,Sydney Pollack,127,English|French,"https://m.media-amazon.com/images/M/MV5BNGZiMmM3YjEtZmQ3Zi00OTQxLTk5MGQtOTBhMDM1MWVkNzFmXkEyXkFqcGc@._V1_SY150_CR1,0,101,150_.jpg",87313761,6.3,45680
8,Tom and Huck (1995),Adventure|Children,1995,Jonathan Taylor Thomas|Brad Renfro|Eric Schweig|Charles Rocket|Amy Wright,Peter Hewitt,97,English,"https://m.media-amazon.com/images/M/MV5BOGRlOTlkMDYtYjM4Ny00MGJhLWEyZGItMGYxYzUzNWQ1YWQ4XkEyXkFqcGc@._V1_SY150_CR0,0,101,150_.jpg",,5.5,12004
9,Sudden Death (1995),Action,1995,Jean-Claude Van Damme|Powers Boothe|Raymond J. Barry|Whittni Wright|Ross Malinger,Peter Hyams,111,English,"https://m.media-amazon.com/images/M/MV5BZmUwYmQ1MGYtNDk4MC00YjkyLTg2YTktZmE3NmZkZDY2MGE1XkEyXkFqcGc@._V1_SX101_CR0,0,101,150_.jpg",44000000,5.9,38200
10,GoldenEye (1995),Action|Adventure|Thriller,1995,Pierce Brosnan|Sean Bean|Izabella Scorupco|Famke Janssen|Joe Don Baker,Martin Campbell,130,English|Russian|Spanish,"https://m.media-amazon.com/images/M/MV5BOGQxNmYyY2YtZGIyNy00ODgxLThhZWEtZGIyNjJhYzFlOTllXkEyXkFqcGc@._V1_SX101_CR0,0,101,150_.jpg",352194034,7.2,276346
11,"American President, The (1995)",Comedy|Drama|Romance,1995,Michael Douglas|Annette Bening|Martin Sheen|Michael J. Fox|Anna Deavere Smith,Rob Reiner,114,English|French|Spanish,"https://m.media-amazon.com/images/M/MV5BZTcyNDAzYTUtNjBjMC00YTk3LTg5MTItMzM3MjhlNGE5YWNlXkEyXkFqcGc@._V1_SY150_CR0,0,101,150_.jpg",47800000,6.8,62075
12,Dracula: Dead and Loving It (1995),Comedy|Horror,1995,Leslie Nielsen|Peter MacNicol|Steven Weber|Amy Yasbeck|Lysette Anthony,Mel Brooks,88,English|German,"https://m.media-amazon.com/images/M/MV5BN2I2MjQzYTgtZWU5ZS00ZGZmLWFhNmQtNjVlODE0OTM4Y2JhXkEyXkFqcGc@._V1_SX101_CR0,0,101,150_.jpg",682514,5.8,46879
13,Balto (1995),Adventure|Animation|Children,1995,Kevin Bacon|Bob Hoskins|Bridget Fonda|Jim Cummings|Phil Collins,Simon Wells,78,English,"https://m.media-amazon.com/images/M/MV5BNzY2OGY3MTYtMTlhNC00MDUyLWE2OGEtNzMzZjQxYjFiYjRiXkEyXkFqcGc@._V1_SX101_CR0,0,101,150_.jpg",,7.1,49791
14,Nixon (1995),Drama,1995,Anthony Hopkins|Joan Allen|Powers Boothe|Ed Harris|Bob Hoskins,Oliver Stone,192,English|Mandarin|Russian,"https://m.media-amazon.com/images/M/MV5BNDk3YWU1NmEtMDBhMC00ZGYwLWFiNzQtMzkwMzg4YjA4MDY4XkEyXkFqcGc@._V1_SY150_CR0,0,101,150_.jpg",,7.1,33531
15,Cutthroat Island (1995),Action|Adventure|Romance,1995,Geena Davis|Matthew Modine|Frank Langella|Maury Chaykin|Patrick Malahide,Renny Harlin,124,English|Spanish|Latin|French,"https://m.media-amazon.com/images/M/MV5BZTQ3OWY2NTctOTAyNS00MThjLTgyZjEtNzgzZGNiZDNhODUyXkEyXkFqcGc@._V1_SY150_CR0,0,101,150_.jpg",,5.7,31718
16,Casino (1995),Crime|Drama,1995,Robert De Niro|Sharon Stone|Joe Pesci|James Woods|Don Rickles,Martin Scorsese,178,English,"https://m.media-amazon.com/images/M/MV5BMDRlZWZjZjYtYzY2NS00ZWVjLTkwYzAtZTA2ZDAzMGRiYmYwXkEyXkFqcGc@._V1_SX101_CR0,0,101,150_.jpg",,8.2,587174
17,Sense and Sensibility (1995),Drama|Romance,1995,James Fleet|Tom Wilkinson|Harriet Walter|Kate Winslet|Emma Thompson,Ang Lee,136,English|French,"https://m.media-amazon.com/images/M/MV5BY2MyZWJhNjktMWQ2My00OTgwLWI1NjEtYjUzM2M2N2M4Mzc4XkEyXkFqcGc@._V1_SY150_CR0,0,101,150_.jpg",135000000,7.7,130595
18,Four Rooms (1995),Comedy,1995,Sammi Davis|Amanda De Cadenet|Valeria Golino|Madonna|Ione Skye,Allison Anders|Alexandre Rockwell|Robert Rodriguez|Quentin Tarantino|Chuck Jones,98,English,"https://m.media-amazon.com/images/M/MV5BMmNlMjE5YTEtZTU1My00MDc1LTgwNzctNTZlYmJmNTM3ZjYzXkEyXkFqcGc@._V1_SY150_CR2,0,101,150_.jpg",,6.7,113670
19,Ace Ventura: When Nature Calls (1995),Comedy,1995,Jim Carrey|Ian McNeice|Simon Callow|Maynard Eziashi|Bob Gunton,Steve Oedekerk,90,English,"https://m.media-amazon.com/images/M/MV5BMjk3ZDUwYTMtYmQyYy00NTg1LWExOTItNTcxODM3NDZiNjMyXkEyXkFqcGc@._V1_SX101_CR0,0,101,150_.jpg",212385533,6.4,240696
20,Money Train (1995),Action|Comedy|Crime|Drama|Thriller,1995,Wesley Snipes|Woody Harrelson|Jennifer Lopez|Robert Blake|Chris Cooper,Joseph Ruben,110,English,"https://m.media-amazon.com/images/M/MV5BZGIzODJmMGYtMzY2My00ZGJkLTg1YzMtNmY2ZTVlYmI5YzYyXkEyXkFqcGc@._V1_SX101_CR0,0,101,150_.jpg",77224232,5.7,44142
21,Get Shorty (1995),Comedy|Crime|Thriller,1995,John Travolta|Gene Hackman|Rene Russo|Danny DeVito|Dennis Farina,Barry Sonnenfeld,105,English,"https://m.media-amazon.com/images/M/MV5BMjAwODYzNDY4Ml5BMl5BanBnXkFtZTcwODkwNTgzNA@@._V1_SX101_CR0,0,101,150_.jpg",115101622,6.9,92873
22,Copycat (1995),Crime|Drama|Horror|Mystery|Thriller,1995,Sigourney Weaver|Holly Hunter|Dermot Mulroney|William McNamara|Harry Connick Jr.,Jon Amiel,123,English|Mandarin,"https://m.media-amazon.com/images/M/MV5BY2ZiODRlYWMtOGViYS00ZTNiLTlkMGQtZTAxY2IyMDAzYzU2XkEyXkFqcGc@._V1_SX101_CR0,0,101,150_.jpg",,6.6,69221
23,Assassins (1995),Action|Crime|Thriller,1995,Sylvester Stallone|Antonio Banderas|Julianne Moore|Anatoli Davydov|Muse Watson,Richard Donner,133,English|Dutch|Spanish,"https://m.media-amazon.com/images/M/MV5BYjRmZDUzZTctMzkyMi00ZDY1LTk2MDgtMDI0MTM4ZTYzOWI4XkEyXkFqcGc@._V1_SX101_CR0,0,101,150_.jpg",83306268,6.3,90009
24,Powder (1995),Drama|Sci-Fi,1995,Mary Steenburgen|Sean Patrick Flanery|Lance Henriksen|Jeff Goldblum|Brandon Smith,Victor Salva,111,English,"https://m.media-amazon.com/images/M/MV5BYzBmZjgyNWQtOWYzNS00NTg2LWJjZDktYzE4YTMzMjNiZWVkXkEyXkFqcGc@._V1_SX101_CR0,0,101,150_.jpg",,6.6,33566
25,Leaving Las Vegas (1995),Drama|Romance,1995,Nicolas Cage|Elisabeth Shue|Julian Sands|Richard Lewis|Steven Weber,Mike Figgis,111,English|Russian,"https://m.media-amazon.com/images/M/MV5BNDg3MDM5NTI0MF5BMl5BanBnXkFtZTcwNDY0NDk0NA@@._V1_SX101_CR0,0,101,150_.jpg",49846151,7.5,139742
26,Othello (1995),Drama,1995,Laurence Fishburne|Irène Jacob|Kenneth Branagh|Nathaniel Parker|Michael Maloney,Oliver Parker,123,English,"https://m.media-amazon.com/images/M/MV5BMzJkMzdmMjMtOGVmNC00NTI4LWJjNTMtNGE4ZGMzYjU1ZDk5XkEyXkFqcGc@._V1_SY150_CR0,0,101,150_.jpg",,6.8,10384
27,Now and Then (1995),Children|Drama,1995,Christina Ricci|Rosie O'Donnell|Thora Birch|Melanie Griffith|Gaby Hoffmann,Lesli Linka Glatter,102,English,"https://m.media-amazon.com/images/M/MV5BZjg1Zjg4NjItNDk1My00ZTEwLWJkZjMtOGZiNmE2OTQ1NTI4XkEyXkFqcGc@._V1_SX101_CR0,0,101,150_.jpg",,6.8,33595
28,Persuasion (1995),Drama|Romance,1995,Amanda Root|Ciarán Hinds|Susan Fleetwood|Corin Redgrave|Fiona Shaw,Roger Michell,103,English,"https://m.media-amazon.com/images/M/MV5BOGM1Mjk1Y2EtMDBiMy00MDAxLWI0NmEtNzExYjM4NDVmZDZjXkEyXkFqcGc@._V1_SY150_CR0,0,101,150_.jpg",,7.7,11867
29,"City of Lost Children, The (Cité des enfants perdus, La) (1995)",Adventure|Drama|Fantasy|Mystery|Sci-Fi,1995,Ron Perlman|Daniel Emilfork|Judith Vittet|Dominique Pinon|Jean-Claude Dreyfus,Marc Caro|Jean-Pierre Jeunet,112,French|Cantonese,"https://m.media-amazon.com/images/M/MV5BMTc5YWUxOGUtYWQ2OC00ZTMyLWI5MTktNjNkZjNmZTA1OWYyXkEyXkFqcGc@._V1_SY150_CR0,0,101,150_.jpg",,7.5,73053
30,Shanghai Triad (Yao a yao yao dao waipo qiao) (1995),Crime|Drama,1995,Gong Li|Baotian Li|Xiaoxiao Wang|Xuejian Li|Chun Sun,Yimou Zhang,108,Mandarin,"https://m.media-amazon.com/images/M/MV5BMjExNzU2NDctYTQ4My00MmFkLTljN2UtN2MzYWQ1NTFiNDEyXkEyXkFqcGc@._V1_SX101_CR0,0,101,150_.jpg",,7.1,6171
31,Dangerous Minds (1995),Drama,1995,Michelle Pfeiffer|George Dzundza|Courtney B. Vance|Robin Bartlett|Beatrice Winde,John N. Smith,99,English,"https://m.media-amazon.com/images/M/MV5BODc5ZDI2ZDYtYjZiMy00MzZjLWEwNWUtNTljNDEwYWQ3YjQ5XkEyXkFqcGc@._V1_SY150_CR0,0,101,150_.jpg",179519401,6.5,58817
32,Twelve Monkeys (a.k.a. 12 Monkeys) (1995),Mystery|Sci-Fi|Thriller,1995,Joseph Melito|Bruce Willis|Jon Seda|Michael Chance|Vernon Campbell,Terry Gilliam,129,English|French|Latin|Spanish|German,"https://m.media-amazon.com/images/M/MV5BMDQwNDY0M2MtOGFmNy00ZjI5LTkzN2ItMzg5M2IwZTZjY2MyXkEyXkFqcGc@._V1_SX101_CR0,0,101,150_.jpg",168839459,8.0,661506
34,Babe (1995),Children|Drama,1995,Christine Cavanaugh|Miriam Margolyes|Danny Mann|Hugo Weaving|Miriam Flynn,Chris Noonan,91,English,"https://m.media-amazon.com/images/M/MV5BODYxZWZiMTgtMjJhOC00OTE1LTk0MmQtMGFiOGY3ZTAwZGRjXkEyXkFqcGc@._V1_SX101_CR0,0,101,150_.jpg",254134910,6.9,137958
36,Dead Man Walking (1995),Crime|Drama,1995,Susan Sarandon|Sean Penn|Robert Prosky|Raymond J. Barry|R. Lee Ermey,Tim Robbins,122,English,"https://m.media-amazon.com/images/M/MV5BMTM3NzA1MjM2N15BMl5BanBnXkFtZTcwMzY3MTMzNA@@._V1_SX101_CR0,0,101,150_.jpg",83088295,7.5,104336
38,It Takes Two (1995),Children|Comedy,1995,Kirstie Alley|Steve Guttenberg|Mary-Kate Olsen|Ashley Olsen|Philip Bosco,Andy Tennant,101,English,"https://m.media-amazon.com/images/M/MV5BMTQ3YTE5NmItNTRjNC00NjdlLTgwNmYtNDRkNmJiZjZiNGE3XkEyXkFqcGc@._V1_SX101_CR0,0,101,150_.jpg",,6.0,25987
39,Clueless (1995),Comedy|Romance,1995,Alicia Silverstone|Stacey Dash|Brittany Murphy|Paul Rudd|Donald Faison,Amy Heckerling,97,English|Spanish,"https://m.media-amazon.com/images/M/MV5BMTgwYjQ1NDktOTcwNi00MWZhLTliYWQtZDg5NjZhY2U5ZTNlXkEyXkFqcGc@._V1_SX101_CR0,0,101,150_.jpg",20700000,6.9,260273
40,"Cry, the Beloved Country (1995)",Drama,1995,James Earl Jones|Richard Harris|Vusi Kunene|Charles S. Dutton|Tsholofelo Wechoemang,Darrell Roodt,106,English,"https://m.media-amazon.com/images/M/MV5BZjQ1M2Y2ZTgtN2U3OS00YTUxLTgwZmUtNjk1YTdjYTdmYWQzXkEyXkFqcGc@._V1_SX101_CR0,0,101,150_.jpg",,6.8,2151
41,Richard III (1995),Drama|War,1995,Christopher Bowen|Edward Jewesbury|Ian McKellen|Bill Paterson|Annette Bening,Richard Loncraine,104,English,"https://m.media-amazon.com/images/M/MV5BMWZjODNlYzAtNWIxZC00ZWRkLWFlMjctZGVlMDYxZTU1MGM1XkEyXkFqcGc@._V1_SY150_CR0,0,101,150_.jpg",,7.3,15933
42,Dead Presidents (1995),Action|Crime|Drama,1995,Larenz Tate|Keith David|Chris Tucker|Freddy Rodríguez|Rose Jackson,Albert Hughes|Allen Hughes,119,English,"https://m.media-amazon.com/images/M/MV5BNTUzZTczZGItNjY4My00YTIyLTgyODYtNjFmNDY2ZWJlNTlmXkEyXkFqcGc@._V1_SY150_CR0,0,101,150_.jpg",,6.9,25368
43,Restoration (1995),Drama,1995,Robert Downey Jr.|Sam Neill|David Thewlis|Polly Walker|Meg Ryan,Michael Hoffman,117,English|Latin,"https://m.media-amazon.com/images/M/MV5BOWZjM2NjM2EtMDkyNi00ODFiLWIwMTktM2JmMzUxODQ3YmRlXkEyXkFqcGc@._V1_SX101_CR0,0,101,150_.jpg",,6.6,10131
44,Mortal Kombat (1995),Action|Adventure|Fantasy,1995,Christopher Lambert|Robin Shou|Linden Ashby|Cary-Hiroyuki Tagawa|Bridgette Wilson-Sampras,Paul W.S. Anderson,101,English,"https://m.media-amazon.com/images/M/MV5BNjQyYjJjMzEtZTYzYy00ZjFmLTlkNTktNDI5ZjIwNTAxOWE0XkEyXkFqcGc@._V1_SX101_CR0,0,101,150_.jpg",122195920,5.8,127386
45,To Die For (1995),Comedy|Drama|Thriller,1995,Nicole Kidman|Matt Dillon|Joaquin Phoenix|Casey Affleck|Illeana Douglas,Gus Van Sant,106,English,"https://m.media-amazon.com/images/M/MV5BZWJlODViYTUtMzY3MS00ZDRlLTkzODQtMDdiOTBiN2E0MDA5XkEyXkFqcGc@._V1_SX101_CR0,0,101,150_.jpg",,6.8,56136
46,How to Make an American Quilt (1995),Drama|Romance,1995,Kaelynn Craddick|Sara Craddick|Kate Capshaw|Adam Baldwin|Winona Ryder,Jocelyn Moorhouse,117,English,"https://m.media-amazon.com/images/M/MV5BZjJhNDc5MDItNGQ3My00ODgxLWE0ZTEtZDYwMmUwNzRmMDZiXkEyXkFqcGc@._V1_SX101_CR0,0,101,150_.jpg",41174130,6.3,12780
47,Seven (a.k.a. Se7en) (1995),Mystery|Thriller,1995,Morgan Freeman|Andrew Kevin Walker|Daniel Zacapa|Brad Pitt|Gwyneth Paltrow,David Fincher,127,English,"https://m.media-amazon.com/images/M/MV5BY2IzNzMxZjctZjUxZi00YzAxLTk3ZjMtODFjODdhMDU5NDM1XkEyXkFqcGc@._V1_SX101_CR0,0,101,150_.jpg",327311859,8.6,1891710
48,Pocahontas (1995),Animation|Children|Drama|Musical|Romance,1995,Joe Baker|Christian Bale|Irene Bedard|Billy Connolly|James Apaumut Fall,Mike Gabriel|Eric Goldberg,81,English|Algonquin,"https://m.media-amazon.com/images/M/MV5BY2ZlNTUxM2MtYmJhYS00Y2E5LTlmYTItZDhlNWJmMmRiYTYzXkEyXkFqcGc@._V1_SX101_CR0,0,101,150_.jpg",346079773,6.7,209384
49,When Night Is Falling (1995),Drama|Romance,1995,Pascale Bussières|Rachael Crawford|Henry Czerny|David Fox|Don McKellar,Patricia Rozema,94,English,"https://m.media-amazon.com/images/M/MV5BZjMxMDYyNjItYjAwYi00NmExLWFiOTEtZWYzOGUzNmY3NmI2XkEyXkFqcGc@._V1_SY150_CR1,0,101,150_.jpg",,6.5,7666
50,"Usual Suspects, The (1995)",Crime|Mystery|Thriller,1995,Stephen Baldwin|Gabriel Byrne|Benicio Del Toro|Kevin Pollak|Kevin Spacey,Bryan Singer,106,English|Hungarian|Spanish|French,"https://m.media-amazon.com/images/M/MV5BOTE5MDUxZDUtZWZmZC00NDVmLWFhOGQtNWI2YTc4NzY3MGQ0XkEyXkFqcGc@._V1_SX101_CR0,0,101,150_.jpg",43600000,8.5,1182631
52,Mighty Aphrodite (1995),Comedy|Drama|Romance,1995,Pamela Blair|Rene Ceballos|Elie Chaib|George De La Pena|Joanne DiMauro,Woody Allen,95,English|Latin,"https://m.media-amazon.com/images/M/MV5BNGY4MWQ2Y2QtMzliZC00NTc3LWJmMGYtMzUxYWI0YTFhYTY4XkEyXkFqcGc@._V1_SX101_CR0,0,101,150_.jpg",,7.0,43730
53,Lamerica (1994),Adventure|Drama,1994,Enrico Lo Verso|Michele Placido|Piro Milkani|Carmelo Di Mazzarelli|Elida Janushi,Gianni Amelio,116,German|Albanian|Italian,"https://m.media-amazon.com/images/M/MV5BMzgzODMwMWMtY2RhMi00OGEwLWFmNjktZmMxMTI1MzUzMTk1XkEyXkFqcGc@._V1_SY150_CR0,0,101,150_.jpg",4788331,7.4,2428
54,"Big Green, The (1995)",Children|Comedy,1995,Steve Guttenberg|Olivia d'Abo|Jay O. Sanders|John Terry|Chauncey Leopardi,Holly Goldberg Sloan,100,English,"https://m.media-amazon.com/images/M/MV5BNzk0YTczMGQtNjc3Yi00ZmY4LTljYTctMTRkNjlmNDBkYmEwXkEyXkFqcGc@._V1_SX101_CR0,0,101,150_.jpg",,5.5,11374
55,Georgia (1995),Drama,1995,Jennifer Jason Leigh|Mare Winningham|Ted Levine|Max Perlich|John Doe,Ulu Grosbard,115,English|Hebrew,"https://m.media-amazon.com/images/M/MV5BZDk3YzZjMjItZjYzYi00YjMyLWI0ZDctYmQzZDFlMjViNDAzXkEyXkFqcGc@._V1_SY150_CR0,0,101,150_.jpg",,6.5,3406
57,Home for the Holidays (1995),Drama,1995,Holly Hunter|Robert Downey Jr.|Anne Bancroft|Charles Durning|Dylan McDermott,Jodie Foster,103,English,"https://m.media-amazon.com/images/M/MV5BMDI1ZmZhMDQtMDZkMC00M2VlLWJjZDMtYmEyMWRiMDIwZGJiXkEyXkFqcGc@._V1_SY150_CR0,0,101,150_.jpg",,6.6,15379
58,"Postman, The (Postino, Il) (1994)",Comedy|Drama|Romance,1994,Philippe Noiret|Massimo Troisi|Maria Grazia Cucinotta|Renato Scarpa|Linda Moretti,Michael Radford|Massimo Troisi,108,Italian|Spanish,"https://m.media-amazon.com/images/M/MV5BMTE1OTJkMmEtZDBmNC00ZTBiLWEwYTQtODEzNGU2OTAxZmU5XkEyXkFqcGc@._V1_SY150_CR2,0,101,150_.jpg",54900000,7.8,40089
60,"Indian in the Cupboard, The (1995)",Adventure|Children|Fantasy,1995,Hal Scardino|Litefoot|Lindsay Crouse|Richard Jenkins|Rishi Bhat,Frank Oz,96,English,"https://m.media-amazon.com/images/M/MV5BNmIzNTIzYTEtYWM5Zi00NmRiLTk4NzYtYTRiZmI0OWZkYjBhXkEyXkFqcGc@._V1_SY150_CR0,0,101,150_.jpg",,6.0,31966
61,Eye for an Eye (1996),Drama|Thriller,1996,Sally Field|Ed Harris|Olivia Burnette|Alexandra Kyle|Kiefer Sutherland,John Schlesinger,101,English|French|Spanish|Korean,"https://m.media-amazon.com/images/M/MV5BYzg3MDc5ZWEtMTc3Ny00YWEzLTlmMTgtMjk3NGJjMmNjOTYyXkEyXkFqcGc@._V1_SY150_CR0,0,101,150_.jpg",53192700,6.2,19997
62,Mr. Holland's Opus (1995),Drama,1995,Richard Dreyfuss|Glenne Headly|Jay Thomas|Olympia Dukakis|William H. Macy,Stephen Herek,144,English|American Sign Language,"https://m.media-amazon.com/images/M/MV5BZGJkOTFkYjEtNzg5Zi00NWIyLTkyN2QtMDExNjk1NTg1NTQ1XkEyXkFqcGc@._V1_SX101_CR0,0,101,150_.jpg",106269971,7.3,42867
63,Don't Be a Menace to South Central While Drinking Your Juice in the Hood (1996),Comedy|Crime,1996,Shawn Wayans|Marlon Wayans|Tracey Cherelle Jones|Chris Spencer|Suli McCullough,Paris Barclay,89,English|Spanish,"https://m.media-amazon.com/images/M/MV5BZGM0NTAyMWEtNDBjNi00MjkwLWFhM2UtNDExNmVmMzEzNzExXkEyXkFqcGc@._V1_SX101_CR0,0,101,150_.jpg",,6.5,64135
64,Two if by Sea (1996),Comedy|Romance,1996,Denis Leary|Sandra Bullock|Stephen Dillane|Yaphet Kotto|Mike Starr,Bill Bennett,96,English,"https://m.media-amazon.com/images/M/MV5BYzRjYWVlNzEtZDRhMS00OGExLTk1MGEtOWU0NjRkM2ViNmYyXkEyXkFqcGc@._V1_SY150_CR0,0,101,150_.jpg",,5.3,6526
65,Bio-Dome (1996),Comedy,1996,William Atherton|Denise Dowse|Dara Tomanovich|Kevin West|Kylie Minogue,Jason Bloom,88,English,"https://m.media-amazon.com/images/M/MV5BNGMxNGI5YWEtNzI5Yi00ZmY0LTk2NWQtMjk3MTRlNGZmMmQ1XkEyXkFqcGc@._V1_SX101_CR0,0,101,150_.jpg",,4.4,30579
66,Lawnmower Man 2: Beyond Cyberspace (1996),Action|Sci-Fi|Thriller,1996,Patrick Bergin|Matt Frewer|Austin O'Brien|Ely Pouget|Camille Cooper,Farhad Mann,93,English,"https://m.media-amazon.com/images/M/MV5BMjkxZDdlMTQtZGZlZC00ZWNiLWFiYmYtY2JlODgwMTE1YTY3XkEyXkFqcGc@._V1_SX101_CR0,0,101,150_.jpg",,2.6,10528
68,French Twist (Gazon maudit) (1995),Comedy|Romance,1995,Victoria Abril|Josiane Balasko|Alain Chabat|Ticky Holgado|Catherine Hiegel,Josiane Balasko,104,French|Spanish|English,"https://m.media-amazon.com/images/M/MV5BMTY2ZDdlY2YtYzdkNi00MzcxLTgxYjMtMmQ1ZjMyNTBmYTU0XkEyXkFqcGc@._V1_SY150_CR0,0,101,150_.jpg",,6.4,5474
69,Friday (1995),Comedy,1995,Ice Cube|Chris Tucker|Nia Long|Tom Lister Jr.|John Witherspoon,F. Gary Gray,91,English,"https://m.media-amazon.com/images/M/MV5BMWI3MmM2MTItN2MxZS00Y2NhLWE5ZWEtMzU3YWNiNmU3NmFmXkEyXkFqcGc@._V1_SX101_CR0,0,101,150_.jpg",28215918,7.2,129716
70,From Dusk Till Dawn (1996),Action|Comedy|Horror|Thriller,1996,George Clooney|Quentin Tarantino|Harvey Keitel|Juliette Lewis|Ernest Liu,Robert Rodriguez,108,English|Spanish,"https://m.media-amazon.com/images/M/MV5BZGNjMWMwNWEtYTQ2YS00N2E5LTg5ZWYtMDgzM2UxMTE1ZTE4XkEyXkFqcGc@._V1_SX101_CR0,0,101,150_.jpg",33500000,7.2,352499
71,Fair Game (1995),Action,1995,William Baldwin|Cindy Crawford|Steven Berkoff|Christopher McDonald|Miguel Sandoval,Andrew Sipes,91,English|Russian,"https://m.media-amazon.com/images/M/MV5BMDc2MzAxOTktYWQ3Yy00NzJhLWFkNmQtN2QzMDFmMWYyODUxXkEyXkFqcGc@._V1_SX101_CR0,0,101,150_.jpg",26134477,4.4,14246
72,Kicking and Screaming (1995),Comedy|Drama,1995,Josh Hamilton|Samuel Gould|Catherine Kellner|Jonathan Baumbach|John Lehr,Noah Baumbach,96,English,"https://m.media-amazon.com/images/M/MV5BNDY3NjUyODMtMGY5OS00M2Q1LTllOGItZGQ0YTFiNjhhNDZiXkEyXkFqcGc@._V1_SY150_CR0,0,101,150_.jpg",,6.7,15621
73,"Misérables, Les (1995)",Drama|War,1995,Jean-Paul Belmondo|Michel Boujenah|Alessandra Martines|Salomé Lelouch|Annie Girardot,Claude Lelouch,175,French|German|English,"https://m.media-amazon.com/images/M/MV5BNmYyZjA0YmEtNGU5Ni00YzVjLWJkMTAtZmU0NGI2Y2Y3ODQwXkEyXkFqcGc@._V1_SY150_CR4,0,101,150_.jpg",,7.4,4239
74,Bed of Roses (1996),Drama|Romance,1996,Christian Slater|Mary Stuart Masterson|Pamela Adlon|Josh Brolin|Brian Tarantina,Michael Goldenberg,87,English,"https://m.media-amazon.com/images/M/MV5BZTE2NjhiZDYtNDRjNS00NDY4LWI3ZmMtMWQyY2FlMmIxYzRlXkEyXkFqcGc@._V1_SX101_CR0,0,101,150_.jpg",,6.1,8995
75,Big Bully (1996),Comedy|Drama,1996,Rick Moranis|Tom Arnold|Julianne Phillips|Carol Kane|Jeffrey Tambor,Steve Miner,90,English,"https://m.media-amazon.com/images/M/MV5BYTFmNTI5MGItMGMxZi00NjM2LWE0ZTUtMzQyMmVlOWMwZTJkXkEyXkFqcGc@._V1_SX101_CR0,0,101,150_.jpg",,4.8,5680
76,Screamers (1995),Action|Sci-Fi|Thriller,1995,Peter Weller|Roy Dupuis|Jennifer Rubin|Andy Lauer|Charles Edwin Powell,Christian Duguay,108,English,"https://m.media-amazon.com/images/M/MV5BMmVkMjcwMjktOGY2MC00ZGFkLWI1NWQtYTJjNTk2N2U0NWZmXkEyXkFqcGc@._V1_SY150_CR0,0,101,150_.jpg",,6.3,30477
77,Nico Icon (1995),Documentary,1995,Nico|Tina Aumont|Christian Päffgen|Edith Boulogne|Jackson Browne,Susanne Ofteringer,70,English|German,"https://m.media-amazon.com/images/M/MV5BNTY2MDM2NzcyM15BMl5BanBnXkFtZTcwMjk3MzcyMQ@@._V1_SY150_CR0,0,101,150_.jpg",,7.2,767
78,"Crossing Guard, The (1995)",Action|Crime|Drama|Thriller,1995,Jack Nicholson|David Morse|Anjelica Huston|Robin Wright|Piper Laurie,Sean Penn,111,English,"https://m.media-amazon.com/images/M/MV5BNGNjMTcxNzgtM2JiYS00MDc0LWEwYmItOTY1M2JkMzc5MDE4XkEyXkFqcGc@._V1_SY150_CR0,0,101,150_.jpg",,6.3,14892
79,"Juror, The (1996)",Drama|Thriller,1996,Demi Moore|Alec Baldwin|Joseph Gordon-Levitt|James Gandolfini|Lindsay Crouse,Brian Gibson,118,English|Spanish,"https://m.media-amazon.com/images/M/MV5BNDVjZDlkZWMtZjg3Mi00OTc3LWI2YmYtMjYyZmVjZDRjN2E0XkEyXkFqcGc@._V1_SY150_CR0,0,101,150_.jpg",63054725,5.7,21055
80,"White Balloon, The (Badkonake sefid) (1995)",Children|Drama,1995,Fereshteh Sadre Orafaiy|Anna Borkowska|Aida Mohammadkhani|Mohsen Kafili|Mohammed Bakhtiar,Jafar Panahi,85,Persian,"https://m.media-amazon.com/images/M/MV5BM2E0OGRkOGQtMzhiOC00NDUxLThjMzYtNTM4ZTNhYWU1NmQ1XkEyXkFqcGc@._V1_SY150_CR5,0,101,150_.jpg",,7.6,8489
81,Things to Do in Denver When You're Dead (1995),Crime|Drama|Romance,1995,Andy Garcia|Christopher Lloyd|William Forsythe|Bill Nunn|Treat Williams,Gary Fleder,115,English,"https://m.media-amazon.com/images/M/MV5BMDEzMzQ0YTctYTg0Ny00Y2MxLWE1ZjAtNzQwMjVmNWQxZTIwXkEyXkFqcGc@._V1_SX101_CR0,0,101,150_.jpg",,6.7,30457
82,Antonia's Line (Antonia) (1995),Comedy|Drama,1995,Willeke van Ammelrooy|Els Dottermans|Dora van der Groen|Veerle van Overloop|Esther Vriesendorp,Marleen Gorris,102,Dutch,"https://m.media-amazon.com/images/M/MV5BYzAxYmM1YzQtNDhmOS00N2UxLTljNTctOGE0ZDI3NWIxMTYwXkEyXkFqcGc@._V1_SY150_CR1,0,101,150_.jpg",,7.4,9685
83,Once Upon a Time... When We Were Colored (1995),Drama|Romance,1995,Al Freeman Jr.|Phylicia Rashad|Leon|Paula Kelly|Salli Richardson-Whitfield,Tim Reid,115,English,"https://m.media-amazon.com/images/M/MV5BYzlkNWFlYTQtMjFiMi00ZmViLTk2MjEtNTUwZjE3MzY1M2ZkXkEyXkFqcGc@._V1_SY150_CR0,0,101,150_.jpg",,7.4,576
85,Angels and Insects (1995),Drama|Romance,1995,Mark Rylance|Kristin Scott Thomas|Patsy Kensit|Jeremy Kemp|Douglas Henshall,Philip Haas,116,English,"https://m.media-amazon.com/images/M/MV5BZjZkYTk4ZjEtMWRmNi00MzM5LThlNTItZThhNzFlMzc1NDIwXkEyXkFqcGc@._V1_SY150_CR1,0,101,150_.jpg",,6.8,4949
86,White Squall (1996),Action|Adventure|Drama,1996,Jeff Bridges|Caroline Goodall|John Savage|Scott Wolf|Jeremy Sisto,Ridley Scott,129,English|Danish|Spanish,"https://m.media-amazon.com/images/M/MV5BMGMwMzFjMjUtZTE4Yi00ZGQwLWFmMDItYzljOTc3YjUzZGI3XkEyXkFqcGc@._V1_SY150_CR0,0,101,150_.jpg",,6.6,26307
87,Dunston Checks In (1996),Children|Comedy,1996,Jason Alexander|Faye Dunaway|Eric Lloyd|Rupert Everett|Graham Sack,Ken Kwapis,88,English|French,"https://m.media-amazon.com/images/M/MV5BYTkxZDlkNGUtNzFhMC00MWNkLTg4ZmMtMDFhZjNkOWQ1ZDdhXkEyXkFqcGc@._V1_SX101_CR0,0,101,150_.jpg",,5.4,13775
88,Black Sheep (1996),Comedy,1996,Chris Farley|David Spade|Tim Matheson|Christine Ebersole|Gary Busey,Penelope Spheeris,87,English,"https://m.media-amazon.com/images/M/MV5BOTYyMWE0MDUtMjkwZi00ZDNiLTg0MjUtZWQ5ZjMxNzA1N2ZjXkEyXkFqcGc@._V1_SX101_CR0,0,101,150_.jpg",,6.2,44605
89,Nick of Time (1995),Action|Thriller,1995,Johnny Depp|Courtney Chase|Charles S. Dutton|Christopher Walken|Roma Maffia,John Badham,90,English,"https://m.media-amazon.com/images/M/MV5BM2JhN2NmYmQtNmE3OS00ZTE0LWI1YWUtMDY1YmRkY2QyNGExXkEyXkFqcGc@._V1_SY150_CR1,0,101,150_.jpg",,6.3,46090
92,Mary Reilly (1996),Drama|Horror|Thriller,1996,Julia Roberts|John Malkovich|George Cole|Michael Gambon|Kathy Staff,Stephen Frears,108,English,"https://m.media-amazon.com/images/M/MV5BZmNhMzlkYTUtZWUyYS00MGZlLTkwMmMtYTA3MWNkMTA3MjdlXkEyXkFqcGc@._V1_SX101_CR0,0,101,150_.jpg",12379402,5.8,16209
93,Vampire in Brooklyn (1995),Comedy|Horror|Romance,1995,Eddie Murphy|Angela Bassett|Allen Payne|Kadeem Hardison|John Witherspoon,Wes Craven,100,English,"https://m.media-amazon.com/images/M/MV5BZTk1ZGQ4ZTUtMmQxZS00ODcxLTk3YjUtZDA0MWVhZWMyNGJmXkEyXkFqcGc@._V1_SX101_CR0,0,101,150_.jpg",28051736,4.7,25887
94,Beautiful Girls (1996),Comedy|Drama|Romance,1996,Matt Dillon|Noah Emmerich|Annabeth Gish|Lauren Holly|Timothy Hutton,Ted Demme,112,English,"https://m.media-amazon.com/images/M/MV5BZDJkZjZlY2UtZWY2ZC00NGIzLWI2N2MtMDNlNGVkMzM5NjVlXkEyXkFqcGc@._V1_SY150_CR1,0,101,150_.jpg",,7.1,35477
95,Broken Arrow (1996),Action|Adventure|Thriller,1996,John Travolta|Christian Slater|Samantha Mathis|Delroy Lindo|Bob Gunton,John Woo,108,English,"https://m.media-amazon.com/images/M/MV5BMjkxMzA5ZWMtZWU0MS00MTBhLWFjNzItYWI2ZGU4YjE2MTc4XkEyXkFqcGc@._V1_SY150_CR0,0,101,150_.jpg",150270147,6.1,107624
96,In the Bleak Midwinter (1995),Comedy|Drama,1995,Richard Briers|Hetta Charnley|Joan Collins|Nicholas Farrell|Mark Hadfield,Kenneth Branagh,99,English,"https://m.media-amazon.com/images/M/MV5BZmQwM2Q0MDItYjBiMC00ZDYzLWJlZDUtZmE5ZmNkMmUzM2NmXkEyXkFqcGc@._V1_SX101_CR0,0,101,150_.jpg",,7.2,2834
97,"Hate (Haine, La) (1995)",Crime|Drama,1995,Vincent Cassel|Hubert Koundé|Saïd Taghmaoui|Abdel Ahmed Ghili|Solo,Mathieu Kassovitz,98,French|Yiddish,"https://m.media-amazon.com/images/M/MV5BMThlMDA3NDYtZGM2Zi00NmJhLThlYWItZjViZTkzZWU1ZWRiXkEyXkFqcGc@._V1_SX101_CR0,0,101,150_.jpg",,8.1,209146
99,Heidi Fleiss: Hollywood Madam (1995),Documentary,1995,Nick Broomfield|Nina Xining Zuo|Madam Alex|Corinne Bohrer|Mike Brambles,Nick Broomfield,106,English,"https://m.media-amazon.com/images/M/MV5BMTc4NDc5NzQzNF5BMl5BanBnXkFtZTcwMDUyODkxMQ@@._V1_SY150_CR3,0,101,150_.jpg",,6.6,844
100,City Hall (1996),Drama|Thriller,1996,Al Pacino|John Cusack|Bridget Fonda|Danny Aiello|Martin Landau,Harold Becker,111,English,"https://m.media-amazon.com/images/M/MV5BMTJhMTUwYzMtOTZmYy00ZDkyLThmM2QtNTdjOTgxNDI1OWZkXkEyXkFqcGc@._V1_SY150_CR0,0,101,150_.jpg",13100000,6.2,23199
101,Bottle Rocket (1996),Adventure|Comedy|Crime|Romance,1996,Luke Wilson|Owen Wilson|Ned Dowd|Shea Fowler|Haley Miller,Wes Anderson,91,English|Spanish,"https://m.media-amazon.com/images/M/MV5BNDlmNWY5NmMtZDNiMS00YjQ1LTg5NmItZmE5ZWEwNDg2MzhjXkEyXkFqcGc@._V1_SY150_CR0,0,101,150_.jpg",,6.9,85526
102,Mr. Wrong (1996),Comedy,1996,Ellen DeGeneres|Bill Pullman|Joan Cusack|Dean Stockwell|Joan Plowright,Nick Castle,96,English,"https://m.media-amazon.com/images/M/MV5BZDIzYjkzZmEtZTdmMS00NWYxLWFhODgtM2FlMWVkYTdmYTI3XkEyXkFqcGc@._V1_SX101_CR0,0,101,150_.jpg",,3.8,5466
103,Unforgettable (1996),Mystery|Sci-Fi|Thriller,1996,Ray Liotta|Linda Fiorentino|Peter Coyote|Christopher McDonald|David Paymer,John Dahl,117,English|Spanish,"https://m.media-amazon.com/images/M/MV5BMjQxODM0MjY2Nl5BMl5BanBnXkFtZTgwOTkwMDcyMTI@._V1_SY150_CR0,0,101,150_.jpg",,6.0,6191
104,Happy Gilmore (1996),Comedy,1996,Adam Sandler|Christopher McDonald|Julie Bowen|Frances Bay|Carl Weathers,Dennis Dugan,92,English,https://m.media-amazon.com/images/M/MV5BMzMyZTM1MTMtNDdjOS00NzIzLTkxY2QtZTU4OGYxOTUwNDMxXkEyXkFqcGc@._V1_SY150_SX101_.jpg,,7.0,260354
105,"Bridges of Madison County, The (1995)",Drama|Romance,1995,Clint Eastwood|Meryl Streep|Annie Corley|Victor Slezak|Jim Haynie,Clint Eastwood,135,English,"https://m.media-amazon.com/images/M/MV5BODBlMjVmOGYtZjY0Mi00MDgzLWE3MDYtNDk5ZmE1OGNkMGZjXkEyXkFqcGc@._V1_SY150_CR5,0,101,150_.jpg",182016617,7.6,92339
106,Nobody Loves Me (Keiner liebt mich) (1994),Comedy|Drama,1994,Maria Schrader|Pierre Sanoussi-Bliss|Michael von Au|Elisabeth Trissenaar|Ingo Naujoks,Doris Dörrie,104,German,"https://m.media-amazon.com/images/M/MV5BMTM1NzQ2NjQ3Ml5BMl5BanBnXkFtZTcwNzg5NjYxMQ@@._V1_SY150_CR2,0,101,150_.jpg",,7.1,1265
107,Muppet Treasure Island (1996),Adventure|Children|Comedy|Musical,1996,Tim Curry|Billy Connolly|Jennifer Saunders|Kevin Bishop|Dave Goelz,Brian Henson,99,English,"https://m.media-amazon.com/images/M/MV5BZmE3MmM4NTYtM2JhYS00ZjIwLWExOTItOTI3YjI4ZDQ2NjBhXkEyXkFqcGc@._V1_SX101_CR0,0,101,150_.jpg",4259710,6.9,27732
108,Catwalk (1996),Documentary,1996,Christy Turlington|Azzedine Alaïa|Giorgio Armani|Nadja Auermann|Sandra Bernhard,Robert Leacock,95,English,"https://m.media-amazon.com/images/M/MV5BMTYxNzk1NjMxN15BMl5BanBnXkFtZTcwNjk0ODkxMQ@@._V1_SX101_CR0,0,101,150_.jpg",,7.0,383
110,Braveheart (1995),Action|Drama|War,1995,James Robinson|Sean Lawlor|Sandy Nelson|James Cosmo|Sean McGinley,Mel Gibson,178,English|French|Latin|Scottish Gaelic|Italian,"https://m.media-amazon.com/images/M/MV5BNGMxZDBhNGQtYTZlNi00N2UzLWI4NDEtNmUzNWM2NTdmZDA0XkEyXkFqcGc@._V1_SY150_CR0,0,101,150_.jpg",210409945,8.3,1123238
111,Taxi Driver (1976),Crime|Drama|Thriller,1976,Diahnne Abbott|Frank Adu|Victor Argo|Gino Ardito|Garth Avery,Martin Scorsese,114,English|Spanish,"https://m.media-amazon.com/images/M/MV5BZDNhMGYwM2UtMTdlZS00MGQ1LWI2YzAtODY5YWI1MjYyNzRmXkEyXkFqcGc@._V1_SX101_CR0,0,101,150_.jpg",28447834,8.2,969572
112,Rumble in the Bronx (Hont faan kui) (1995),Action|Adventure|Comedy|Crime,1995,Jackie Chan|Anita Mui|Françoise Yip|Bill Tung|Marc Akerstream,Stanley Tong,104,English|Cantonese,"https://m.media-amazon.com/images/M/MV5BNWUxMDcyZTMtYzJjMi00Y2Q1LWE3NWMtNTRiNGQxZTljYjE2XkEyXkFqcGc@._V1_SX101_CR0,0,101,150_.jpg",39748899,6.8,47410
